path	baseline_bytes	type	purpose	consumer	decision	evidence
.gitattributes	30	text configuration	Treat retained native binary assets as binary	Git diff/merge	keep	assets/native/**/*.bin matches declared native inputs
.gitignore	359	text configuration	Keep generated outputs, tools and private media out of Git	Git working tree	keep	Build/test output and external-input paths agree with scripts
AGENTS.md	3769	Markdown	Maintained documentation or measurement evidence	Maintainer support and linked validation/build workflow	update	Current worker rules; replaced integrated CT12/13 draft states and retired one-product resume exception; preserves no-oracle, provenance and finite gate requirements.
README.md	3012	Markdown	Maintained documentation or measurement evidence	Maintainer support and linked validation/build workflow	update	Current build/bootstrap entrypoints and product label; documented external tools and generated UI caches; corrected no-source-input workflow.
TODO.md	4299	Markdown	Maintained documentation or measurement evidence	Maintainer support and linked validation/build workflow	update	Active PR24 design and deferred relative-offset/recording work; removed completed PR27 plan and stale merge ordering.
amiga/VERSION	4	text configuration	Single release version	scripts/native_ui_pages.py	keep	PR29 major.minor identity input; retain 1.0
amiga/display.i	2826	68000 include	Chip display data and court planes	amiga/main.s	keep	Explicit assembly include; unchanged product source
amiga/game/audio.s	8527	68000 assembly	Native three-voice score sequencing	amiga/game/integration.s	keep	Explicit assembly include; unchanged product source
amiga/game/audio_state.i	551	68000 include	Three native monophonic voices. A note is a prepared 16-byte musical record	amiga/game/audio.s	keep	Explicit assembly include; unchanged product source
amiga/game/controls.s	4195	68000 assembly	Physical pads belong to players, never to screen positions	amiga/main.s	keep	Explicit assembly include; unchanged product source
amiga/game/gameplay.s	970	68000 assembly	Native gameplay dispatcher and included rules	amiga/game/integration.s	keep	Explicit assembly include; unchanged product source
amiga/game/gameplay_ai.s	3731	68000 assembly	Native AI wait and movement decisions	amiga/game/gameplay.s	keep	Explicit assembly include; unchanged product source
amiga/game/gameplay_ball.s	5925	68000 assembly	Native ball advancement and trajectory	amiga/game/gameplay.s	keep	Explicit assembly include; unchanged product source
amiga/game/gameplay_contact.s	5262	68000 assembly	Accept contact only on the receiving end, within the existing court/height	amiga/game/gameplay.s	keep	Explicit assembly include; unchanged product source
amiga/game/gameplay_controls.s	1858	68000 assembly	Native logical player assignment and physical action packet	amiga/game/integration.s	keep	Explicit assembly include; unchanged product source
amiga/game/gameplay_math.s	3725	68000 assembly	Native integer trajectory arithmetic. Byte-sized signed magnitudes preserve	amiga/game/gameplay.s	keep	Explicit assembly include; unchanged product source
amiga/game/gameplay_players.s	7658	68000 assembly	A3 addresses the native player record; D7=0 lower, 1 upper	amiga/game/gameplay.s	keep	Explicit assembly include; unchanged product source
amiga/game/gameplay_state.i	1160	68000 include	Native gameplay layout. No source-machine address or register ABI	amiga/game/gameplay.s	keep	Explicit assembly include; unchanged product source
amiga/game/integration.s	4125	68000 assembly	Shared native frame order, also used by maintained replay	amiga/main.s	keep	Explicit assembly include; unchanged product source
amiga/game/interface.s	1344	68000 assembly	Enhanced interface owns only UI state. Scorer state and tally banks are read-only	amiga/main.s	keep	Explicit assembly include; unchanged product source
amiga/game/interface_demo.s	1334	68000 assembly	Native seeded demo playback	amiga/game/interface.s	keep	Explicit assembly include; unchanged product source
amiga/game/interface_feedback.s	1828	68000 assembly	Read-only feedback observer. Logical score cells are fixed Blue/Red identities	amiga/game/interface.s	keep	Explicit assembly include; unchanged product source
amiga/game/interface_input.s	7324	68000 assembly	D0 raw joystick mask, D3 player. Track each physical source before keyboard OR	amiga/game/interface.s	keep	Explicit assembly include; unchanged product source
amiga/game/interface_menu.s	3273	68000 assembly	Title and menu input transitions	amiga/game/interface.s	keep	Explicit assembly include; unchanged product source
amiga/game/interface_pause.s	775	68000 assembly	Pause and resume transitions	amiga/game/interface.s	keep	Explicit assembly include; unchanged product source
amiga/game/interface_render.s	10884	68000 assembly	One authored/private offline font; text rendered into UI-owned chip memory	amiga/game/interface.s	keep	Explicit assembly include; unchanged product source
amiga/game/interface_state.i	1994	68000 include	Interface-only record. No gameplay/scoring fields are added or repacked	amiga/game/interface.s	keep	Explicit assembly include; unchanged product source
amiga/game/interface_text.s	4928	68000 assembly	Native UI strings and generated version text	amiga/game/interface.s	keep	Explicit assembly include; unchanged product source
amiga/game/keyboard.s	2642	68000 assembly	Poll the real CIA-A serial keyboard. CIA interrupts are disabled by the game	amiga/main.s	keep	Explicit assembly include; unchanged product source
amiga/game/menu.s	2591	68000 assembly	Maintained title/selection lifecycle. No source callback PC or RAM snapshot	amiga/game/tick.s	keep	Explicit assembly include; unchanged product source
amiga/game/paula_output.s	1493	68000 assembly	Actual native voice -> Paula register output. Prepared periods and calibrated	amiga/main.s	keep	Explicit assembly include; unchanged product source
amiga/game/result.s	5945	68000 assembly	Native nonblocking match-result and title/restart lifecycle. Called by the	amiga/game/integration.s	keep	Explicit assembly include; unchanged product source
amiga/game/result_audio.s	921	68000 assembly	Named native phrase requests; lifecycle observes actual queue completion	amiga/game/integration.s	keep	Explicit assembly include; unchanged product source
amiga/game/round.s	2930	68000 assembly	Shared main-path round lifecycle. Poll between callbacks, never from a	amiga/game/integration.s	keep	Explicit assembly include; unchanged product source
amiga/game/scene.s	6203	68000 assembly	Native scene: two three-part actors, a ball and a court shadow. Eight logical	amiga/game/integration.s	keep	Explicit assembly include; unchanged product source
amiga/game/scene_fields.s	2310	68000 assembly	Native display events select six versioned native field banks	amiga/game/integration.s	keep	Explicit assembly include; unchanged product source
amiga/game/scene_integration.s	610	68000 assembly	Native scalar presentation integration for logical score/mode/status events	amiga/game/integration.s	keep	Explicit assembly include; unchanged product source
amiga/game/scoring.s	5574	68000 assembly	Native point/game scoring	amiga/game/integration.s	keep	Explicit assembly include; unchanged product source
amiga/game/scoring_integration.s	3067	68000 assembly	Native scoring packet. Shared score cells alias scorer-owned state; gameplay	amiga/game/integration.s	keep	Explicit assembly include; unchanged product source
amiga/game/scoring_state.i	909	68000 include	Native scoring owns the point/game cells, service mode and scoring stage	amiga/game/scoring.s	keep	Explicit assembly include; unchanged product source
amiga/game/state.i	2957	68000 include	Named shared native state. Aliases point to subsystem-owned fields	amiga/game/integration.s	keep	Explicit assembly include; unchanged product source
amiga/game/tick.s	1378	68000 assembly	Native lifecycle dispatcher shared by live play and seeded attract playback	amiga/main.s	keep	Explicit assembly include; unchanged product source
amiga/main.s	23585	68000 assembly	Native startup, PAL/NTSC selection, interrupt and display publication	scripts/build_native_game.py (amiga/main.s entrypoint)	keep	Explicit assembly include; unchanged product source
amiga/score_copper_patch.i	5088	68000 include	Update only the building bank. Prepared fields remain tied to its generation	amiga/main.s	keep	Explicit assembly include; unchanged product source
amiga/square_score_banks.i	4200	68000 include	Build six unique point masks, a WIN mask and three fixed HUD strips once	amiga/main.s	keep	Explicit assembly include; unchanged product source
amiga/square_score_storage.i	342	68000 include	Fixed scene-owned strips: point planes0/2/3 and WIN plane1	amiga/main.s	keep	Explicit assembly include; unchanged product source
assets/interface/demo-inputs.json	10013	JSON data	Frozen native physical-input recording	scripts/native_assets.py; native replay tests	keep	Packet stream generates build/native/demo-inputs.i; independent trajectory must stay frozen
assets/interface/font-mac/Font-Mac.png	1596	PNG image	Pinned original font source	assets/interface/font-mac/extract.py; scripts/native_acceptance.py	keep	5,504 source pixels in 86 cells independently checked; 1,024 bytes match authoring binary and 81 glyphs supported
assets/interface/font-mac/README.md	5899	Markdown	Font provenance and extraction/integration instructions	Maintainers	update	5,504 source pixels in 86 cells independently checked; 1,024 bytes match authoring binary and 81 glyphs supported
assets/interface/font-mac/character-map.json	25117	JSON data	Explicit glyph coordinates and authored apostrophe provenance	assets/interface/font-mac/extract.py; scripts/native_acceptance.py	keep	5,504 source pixels in 86 cells independently checked; 1,024 bytes match authoring binary and 81 glyphs supported
assets/interface/font-mac/extract.py	7429	Python source	Source-pixel extraction and character coverage validator	assets/interface/font-mac/extract.py; scripts/native_acceptance.py	keep	5,504 source pixels in 86 cells independently checked; 1,024 bytes match authoring binary and 81 glyphs supported
assets/interface/font-mac/font.bin	1024	binary asset	Validated authoring font binary	assets/interface/font-mac/extract.py; scripts/native_acceptance.py	keep	5,504 source pixels in 86 cells independently checked; 1,024 bytes match authoring binary and 81 glyphs supported
assets/interface/font-mac/glyph-proof.png	3339	PNG image	Regenerable font review image	assets/interface/font-mac/extract.py; scripts/native_acceptance.py	remove	Optional --proof output; source, glyph map and validator retained; no code consumes review PNG
assets/interface/small-font-additions.json	1628	JSON data	Authored small-font provenance	Maintainer source record for assets/native/title/font.bin	keep	All 47 character rows compared byte-for-byte with installed font; retained despite no direct build read
assets/native/README.md	2146	Markdown	Asset provenance, format and current workflow	Maintainers	update	Retains origin and private-use restrictions; removes obsolete integration handoff
assets/native/audio/battle-hymn/README.md	5916	Markdown	Asset provenance, format and current workflow	Maintainers	update	Retains origin and private-use restrictions; removes obsolete integration handoff
assets/native/audio/battle-hymn/arpeggio.bin	1040	binary asset	Versioned native graphics/audio input	assets/native/audio/data.i	keep	Manifest size and SHA256 verified; literal includes and dynamic variant loops inspected
assets/native/audio/battle-hymn/bass.bin	528	binary asset	Versioned native graphics/audio input	assets/native/audio/data.i	keep	Manifest size and SHA256 verified; literal includes and dynamic variant loops inspected
assets/native/audio/battle-hymn/melody.bin	544	binary asset	Versioned native graphics/audio input	assets/native/audio/data.i	keep	Manifest size and SHA256 verified; literal includes and dynamic variant loops inspected
assets/native/audio/battle-hymn/notes.json	22983	JSON data	Authored music event export and timing oracle	scripts/author_battle_hymn.py; scripts/run_celebration_tests.py	keep	Manifest size and SHA256 verified; literal includes and dynamic variant loops inspected
assets/native/audio/battle-hymn/periods.bin	3072	binary asset	Versioned native graphics/audio input	assets/native/audio/data.i	keep	Manifest size and SHA256 verified; literal includes and dynamic variant loops inspected
assets/native/audio/battle-hymn/square.s8	4	signed 8-bit audio	Versioned native graphics/audio input	amiga/main.s	keep	Manifest size and SHA256 verified; literal includes and dynamic variant loops inspected
assets/native/audio/data.i	946	68000 include	Versioned native assembly data	amiga/game/audio.s	keep	Manifest size and SHA256 verified; literal includes and dynamic variant loops inspected
assets/native/audio/envelopes.bin	128	binary asset	Versioned native graphics/audio input	assets/native/audio/data.i	keep	Manifest size and SHA256 verified; literal includes and dynamic variant loops inspected
assets/native/audio/periods.bin	3072	binary asset	Versioned native graphics/audio input	assets/native/audio/data.i	keep	Manifest size and SHA256 verified; literal includes and dynamic variant loops inspected
assets/native/audio/score-0.bin	704	binary asset	Versioned native graphics/audio input	assets/native/audio/data.i	keep	Manifest size and SHA256 verified; literal includes and dynamic variant loops inspected
assets/native/audio/score-1.bin	656	binary asset	Versioned native graphics/audio input	assets/native/audio/data.i	keep	Manifest size and SHA256 verified; literal includes and dynamic variant loops inspected
assets/native/audio/score-4.bin	128	binary asset	Versioned native graphics/audio input	assets/native/audio/data.i	keep	Manifest size and SHA256 verified; literal includes and dynamic variant loops inspected
assets/native/audio/score-5.bin	16	binary asset	Versioned native graphics/audio input	assets/native/audio/data.i	keep	Manifest size and SHA256 verified; literal includes and dynamic variant loops inspected
assets/native/court/plane0.bin	6144	binary asset	Versioned native graphics/audio input	amiga/display.i	keep	Manifest size and SHA256 verified; literal includes and dynamic variant loops inspected
assets/native/court/plane1.bin	6144	binary asset	Versioned native graphics/audio input	amiga/display.i; scripts/run_native_square_startup.py; tests/unit/test_identity_assets.py	keep	Manifest size and SHA256 verified; literal includes and dynamic variant loops inspected
assets/native/court/plane2.bin	6144	binary asset	Versioned native graphics/audio input	amiga/display.i	keep	Manifest size and SHA256 verified; literal includes and dynamic variant loops inspected
assets/native/court/plane3.bin	6144	binary asset	Versioned native graphics/audio input	amiga/display.i	keep	Manifest size and SHA256 verified; literal includes and dynamic variant loops inspected
assets/native/court/score-bank-data.i	3152	68000 include	Versioned native assembly data	amiga/main.s	keep	Manifest size and SHA256 verified; literal includes and dynamic variant loops inspected
assets/native/court/score-cop-commands.i	2013	68000 include	Versioned native assembly data	amiga/display.i; scripts/native_size.py	keep	Manifest size and SHA256 verified; literal includes and dynamic variant loops inspected
assets/native/court/score-patch-tables.i	4144	68000 include	Versioned native assembly data	amiga/main.s; scripts/native_size.py; scripts/run_native_contracts.py; scripts/run_native_scoreboard_tests.py	keep	Manifest size and SHA256 verified; literal includes and dynamic variant loops inspected
assets/native/court/score_bank_mode_0_p0.bin	256	binary asset	Native role-label strip	assets/native/court/score-bank-data.i; scripts/native_identity_raster.py	keep	Manifest size and SHA256 verified; literal includes and dynamic variant loops inspected
assets/native/court/score_bank_mode_0_p1.bin	256	binary asset	Native role-label strip	assets/native/court/score-bank-data.i; scripts/native_identity_raster.py	keep	Manifest size and SHA256 verified; literal includes and dynamic variant loops inspected
assets/native/court/score_bank_mode_0_p2.bin	256	binary asset	Native role-label strip	assets/native/court/score-bank-data.i; scripts/native_identity_raster.py	keep	Manifest size and SHA256 verified; literal includes and dynamic variant loops inspected
assets/native/court/score_bank_mode_0_p3.bin	256	binary asset	Native role-label strip	assets/native/court/score-bank-data.i; scripts/native_identity_raster.py	keep	Manifest size and SHA256 verified; literal includes and dynamic variant loops inspected
assets/native/court/score_bank_mode_1_p0.bin	256	binary asset	Native role-label strip	assets/native/court/score-bank-data.i; scripts/native_identity_raster.py	keep	Manifest size and SHA256 verified; literal includes and dynamic variant loops inspected
assets/native/court/score_bank_mode_1_p1.bin	256	binary asset	Native role-label strip	assets/native/court/score-bank-data.i; scripts/native_identity_raster.py	keep	Manifest size and SHA256 verified; literal includes and dynamic variant loops inspected
assets/native/court/score_bank_mode_1_p2.bin	256	binary asset	Native role-label strip	assets/native/court/score-bank-data.i; scripts/native_identity_raster.py	keep	Manifest size and SHA256 verified; literal includes and dynamic variant loops inspected
assets/native/court/score_bank_mode_1_p3.bin	256	binary asset	Native role-label strip	assets/native/court/score-bank-data.i; scripts/native_identity_raster.py	keep	Manifest size and SHA256 verified; literal includes and dynamic variant loops inspected
assets/native/court/score_bank_mode_2_p0.bin	256	binary asset	Native role-label strip	assets/native/court/score-bank-data.i; scripts/native_identity_raster.py	keep	Manifest size and SHA256 verified; literal includes and dynamic variant loops inspected
assets/native/court/score_bank_mode_2_p1.bin	256	binary asset	Native role-label strip	assets/native/court/score-bank-data.i; scripts/native_identity_raster.py	keep	Manifest size and SHA256 verified; literal includes and dynamic variant loops inspected
assets/native/court/score_bank_mode_2_p2.bin	256	binary asset	Native role-label strip	assets/native/court/score-bank-data.i; scripts/native_identity_raster.py	keep	Manifest size and SHA256 verified; literal includes and dynamic variant loops inspected
assets/native/court/score_bank_mode_2_p3.bin	256	binary asset	Native role-label strip	assets/native/court/score-bank-data.i; scripts/native_identity_raster.py	keep	Manifest size and SHA256 verified; literal includes and dynamic variant loops inspected
assets/native/court/score_bank_status_0_p0.bin	256	binary asset	Native status-label strip	assets/native/court/score-bank-data.i; scripts/native_status_raster.py	keep	Manifest size and SHA256 verified; literal includes and dynamic variant loops inspected
assets/native/court/score_bank_status_0_p1.bin	256	binary asset	Native status-label strip	assets/native/court/score-bank-data.i; scripts/native_status_raster.py	keep	Manifest size and SHA256 verified; literal includes and dynamic variant loops inspected
assets/native/court/score_bank_status_0_p2.bin	256	binary asset	Native status-label strip	assets/native/court/score-bank-data.i; scripts/native_status_raster.py	keep	Manifest size and SHA256 verified; literal includes and dynamic variant loops inspected
assets/native/court/score_bank_status_0_p3.bin	256	binary asset	Native status-label strip	assets/native/court/score-bank-data.i; scripts/native_status_raster.py	keep	Manifest size and SHA256 verified; literal includes and dynamic variant loops inspected
assets/native/court/score_bank_status_1_p0.bin	256	binary asset	Native status-label strip	assets/native/court/score-bank-data.i; scripts/native_status_raster.py	keep	Manifest size and SHA256 verified; literal includes and dynamic variant loops inspected
assets/native/court/score_bank_status_1_p1.bin	256	binary asset	Native status-label strip	assets/native/court/score-bank-data.i; scripts/native_status_raster.py	keep	Manifest size and SHA256 verified; literal includes and dynamic variant loops inspected
assets/native/court/score_bank_status_1_p2.bin	256	binary asset	Native status-label strip	assets/native/court/score-bank-data.i; scripts/native_status_raster.py	keep	Manifest size and SHA256 verified; literal includes and dynamic variant loops inspected
assets/native/court/score_bank_status_1_p3.bin	256	binary asset	Native status-label strip	assets/native/court/score-bank-data.i; scripts/native_status_raster.py	keep	Manifest size and SHA256 verified; literal includes and dynamic variant loops inspected
assets/native/court/score_bank_status_2_p0.bin	256	binary asset	Native status-label strip	assets/native/court/score-bank-data.i; scripts/native_status_raster.py	keep	Manifest size and SHA256 verified; literal includes and dynamic variant loops inspected
assets/native/court/score_bank_status_2_p1.bin	256	binary asset	Native status-label strip	assets/native/court/score-bank-data.i; scripts/native_status_raster.py	keep	Manifest size and SHA256 verified; literal includes and dynamic variant loops inspected
assets/native/court/score_bank_status_2_p2.bin	256	binary asset	Native status-label strip	assets/native/court/score-bank-data.i; scripts/native_status_raster.py	keep	Manifest size and SHA256 verified; literal includes and dynamic variant loops inspected
assets/native/court/score_bank_status_2_p3.bin	256	binary asset	Native status-label strip	assets/native/court/score-bank-data.i; scripts/native_status_raster.py	keep	Manifest size and SHA256 verified; literal includes and dynamic variant loops inspected
assets/native/court/score_bank_status_3_p0.bin	256	binary asset	Native status-label strip	assets/native/court/score-bank-data.i; scripts/native_status_raster.py	keep	Manifest size and SHA256 verified; literal includes and dynamic variant loops inspected
assets/native/court/score_bank_status_3_p1.bin	256	binary asset	Native status-label strip	assets/native/court/score-bank-data.i; scripts/native_status_raster.py	keep	Manifest size and SHA256 verified; literal includes and dynamic variant loops inspected
assets/native/court/score_bank_status_3_p2.bin	256	binary asset	Native status-label strip	assets/native/court/score-bank-data.i; scripts/native_status_raster.py	keep	Manifest size and SHA256 verified; literal includes and dynamic variant loops inspected
assets/native/court/score_bank_status_3_p3.bin	256	binary asset	Native status-label strip	assets/native/court/score-bank-data.i; scripts/native_status_raster.py	keep	Manifest size and SHA256 verified; literal includes and dynamic variant loops inspected
assets/native/court/score_bank_status_4_p0.bin	256	binary asset	Native status-label strip	assets/native/court/score-bank-data.i; scripts/native_status_raster.py	keep	Manifest size and SHA256 verified; literal includes and dynamic variant loops inspected
assets/native/court/score_bank_status_4_p1.bin	256	binary asset	Native status-label strip	assets/native/court/score-bank-data.i; scripts/native_status_raster.py	keep	Manifest size and SHA256 verified; literal includes and dynamic variant loops inspected
assets/native/court/score_bank_status_4_p2.bin	256	binary asset	Native status-label strip	assets/native/court/score-bank-data.i; scripts/native_status_raster.py	keep	Manifest size and SHA256 verified; literal includes and dynamic variant loops inspected
assets/native/court/score_bank_status_4_p3.bin	256	binary asset	Native status-label strip	assets/native/court/score-bank-data.i; scripts/native_status_raster.py	keep	Manifest size and SHA256 verified; literal includes and dynamic variant loops inspected
assets/native/court/score_bank_status_5_p0.bin	256	binary asset	Native status-label strip	assets/native/court/score-bank-data.i; scripts/native_status_raster.py	keep	Manifest size and SHA256 verified; literal includes and dynamic variant loops inspected
assets/native/court/score_bank_status_5_p1.bin	256	binary asset	Native status-label strip	assets/native/court/score-bank-data.i; scripts/native_status_raster.py	keep	Manifest size and SHA256 verified; literal includes and dynamic variant loops inspected
assets/native/court/score_bank_status_5_p2.bin	256	binary asset	Native status-label strip	assets/native/court/score-bank-data.i; scripts/native_status_raster.py	keep	Manifest size and SHA256 verified; literal includes and dynamic variant loops inspected
assets/native/court/score_bank_status_5_p3.bin	256	binary asset	Native status-label strip	assets/native/court/score-bank-data.i; scripts/native_status_raster.py	keep	Manifest size and SHA256 verified; literal includes and dynamic variant loops inspected
assets/native/court/score_bank_status_6_p0.bin	256	binary asset	Native status-label strip	assets/native/court/score-bank-data.i; scripts/native_status_raster.py	keep	Manifest size and SHA256 verified; literal includes and dynamic variant loops inspected
assets/native/court/score_bank_status_6_p1.bin	256	binary asset	Native status-label strip	assets/native/court/score-bank-data.i; scripts/native_status_raster.py	keep	Manifest size and SHA256 verified; literal includes and dynamic variant loops inspected
assets/native/court/score_bank_status_6_p2.bin	256	binary asset	Native status-label strip	assets/native/court/score-bank-data.i; scripts/native_status_raster.py	keep	Manifest size and SHA256 verified; literal includes and dynamic variant loops inspected
assets/native/court/score_bank_status_6_p3.bin	256	binary asset	Native status-label strip	assets/native/court/score-bank-data.i; scripts/native_status_raster.py	keep	Manifest size and SHA256 verified; literal includes and dynamic variant loops inspected
assets/native/court/square-led-definitions.bin	48	binary asset	Versioned native graphics/audio input	amiga/square_score_banks.i; scripts/native_size.py	keep	Manifest size and SHA256 verified; literal includes and dynamic variant loops inspected
assets/native/manifest.json	25263	JSON data	Strict input inventory, checksums and imported provenance	scripts/native_assets.py	keep	All 80 entries validate; every imported hash retained
assets/native/scene/animations.bin	36	binary asset	Versioned native graphics/audio input	amiga/game/scene.s	keep	Manifest size and SHA256 verified; literal includes and dynamic variant loops inspected
assets/native/scene/poses.bin	112	binary asset	Versioned native graphics/audio input	amiga/game/scene.s; scripts/native_player_roles.py; scripts/native_ui_pages.py; tests/unit/test_native_contracts.py	keep	Manifest size and SHA256 verified; literal includes and dynamic variant loops inspected
assets/native/scene/robot-poses.bin	112	binary asset	Versioned native graphics/audio input	amiga/game/scene.s; scripts/native_player_roles.py; scripts/native_ui_pages.py	keep	Manifest size and SHA256 verified; literal includes and dynamic variant loops inspected
assets/native/scene/sprite-images.bin	11264	binary asset	Versioned native graphics/audio input	amiga/main.s; scripts/native_identity_raster.py; scripts/native_ui_pages.py; tests/unit/test_classic_players.py	keep	Manifest size and SHA256 verified; literal includes and dynamic variant loops inspected
assets/native/sprites/sprite0.bin	72	binary asset	Versioned native graphics/audio input	amiga/display.i	keep	Manifest size and SHA256 verified; literal includes and dynamic variant loops inspected
assets/native/sprites/sprite1.bin	72	binary asset	Versioned native graphics/audio input	amiga/display.i	keep	Manifest size and SHA256 verified; literal includes and dynamic variant loops inspected
assets/native/sprites/sprite2.bin	72	binary asset	Versioned native graphics/audio input	amiga/display.i	keep	Manifest size and SHA256 verified; literal includes and dynamic variant loops inspected
assets/native/sprites/sprite3.bin	72	binary asset	Versioned native graphics/audio input	amiga/display.i	keep	Manifest size and SHA256 verified; literal includes and dynamic variant loops inspected
assets/native/sprites/sprite4.bin	72	binary asset	Versioned native graphics/audio input	amiga/display.i	keep	Manifest size and SHA256 verified; literal includes and dynamic variant loops inspected
assets/native/sprites/sprite5.bin	72	binary asset	Versioned native graphics/audio input	amiga/display.i	keep	Manifest size and SHA256 verified; literal includes and dynamic variant loops inspected
assets/native/sprites/sprite6.bin	72	binary asset	Versioned native graphics/audio input	amiga/display.i	keep	Manifest size and SHA256 verified; literal includes and dynamic variant loops inspected
assets/native/sprites/sprite7.bin	72	binary asset	Versioned native graphics/audio input	amiga/display.i	keep	Manifest size and SHA256 verified; literal includes and dynamic variant loops inspected
assets/native/title/display.i	1079	68000 include	Versioned native assembly data	amiga/main.s; scripts/native_size.py	keep	Manifest size and SHA256 verified; literal includes and dynamic variant loops inspected
assets/native/title/font-mac.bin	1024	binary asset	Versioned native graphics/audio input	amiga/game/interface.s; assets/interface/font-mac/README.md; scripts/native_identity_raster.py; scripts/native_ui_pages.py	keep	Manifest size and SHA256 verified; literal includes and dynamic variant loops inspected
assets/native/title/font.bin	1024	binary asset	Versioned native graphics/audio input	amiga/game/interface.s; scripts/native_identity_raster.py; scripts/native_scoreboard_raster.py; scripts/native_square_scores.py	keep	Manifest size and SHA256 verified; literal includes and dynamic variant loops inspected
assets/native/title/plane0.bin	6144	binary asset	Versioned native graphics/audio input	assets/native/title/display.i	keep	Manifest size and SHA256 verified; literal includes and dynamic variant loops inspected
assets/native/title/plane1.bin	6144	binary asset	Versioned native graphics/audio input	assets/native/title/display.i	keep	Manifest size and SHA256 verified; literal includes and dynamic variant loops inspected
assets/native/title/plane2.bin	6144	binary asset	Versioned native graphics/audio input	assets/native/title/display.i	keep	Manifest size and SHA256 verified; literal includes and dynamic variant loops inspected
assets/native/title/plane3.bin	6144	binary asset	Versioned native graphics/audio input	assets/native/title/display.i	keep	Manifest size and SHA256 verified; literal includes and dynamic variant loops inspected
config.example.ini	250	INI configuration	External emulator and legitimate ROM configuration template	scripts/native_tools.py emulator_config	keep	Both required keys match loader; build does not require config
docs/ct11/README.md	4670	Markdown	Maintained documentation or measurement evidence	Maintainer support and linked validation/build workflow	update	Current explicit-native-input cutover summary; old ledger replaced by new audit; provenance stays in native manifest.
docs/ct11/baseline.json	2415	JSON data	CT11 cutover baseline/import inventory	Superseded CT11 README cutover narrative	remove	Bound to baseline 50ef76227a72e137c37efe29502cf60b1d4590d4; no executable consumer. New complete repository audit replaces inventory; assets/native/manifest.json retains live asset provenance and hashes. Git retains old audit.
docs/ct11/composite-acceptance.md	2490	Markdown	One-product composite acceptance exception	Removed native_acceptance_resume.py and AGENTS exception	remove	Pinned product 1ec93d4 / preserved2219fd6 is superseded by PR27-29. Historical runner is removed; general native_composite.py remains live for metric identity normalization.
docs/ct11/field-measurement.md	6299	Markdown	PR28 Kickstart PAL/NTSC selector contract and failure evidence	Publication design and startup test maintenance	update	Preserves byte offset, PAL/NTSC constants, invalid-byte behavior, historical USS causal evidence,256 selector cases and4 cold boots; stale pending merge text corrected.
docs/ct11/ledger.json	158332	JSON data	CT11 disposition ledger of 422 earlier paths	Superseded CT11 README cutover narrative	remove	Bound to baseline 50ef76227a72e137c37efe29502cf60b1d4590d4; no executable consumer. New complete repository audit replaces inventory; assets/native/manifest.json retains live asset provenance and hashes. Git retains old audit.
docs/ct11/risks.md	1337	Markdown	Maintained documentation or measurement evidence	Maintainer support and linked validation/build workflow	update	Current rights, bootstrap/RAM, emulator coverage and incomplete metrics limits.
docs/ct11/triple-buffer-publication.md	9162	Markdown	Maintained documentation or measurement evidence	Maintainer support and linked validation/build workflow	update	Replaces contradictory polling/beam-measurement proposals with implemented COPER transaction and PR28 startup selector; current direct-HUD geometry preserved.
docs/ct11/verification-issues.md	11218	Markdown	Maintained documentation or measurement evidence	Maintainer support and linked validation/build workflow	update	Replaces old failed draft timing proposals with implemented32-bit CIA/UI cache contract and strict negative-control requirements.
docs/ct12/README.md	5110	Markdown	Maintained documentation or measurement evidence	Maintainer support and linked validation/build workflow	update	Replaces obsolete before/after screenshot review with current branding and links to independent visual contracts.
docs/ct12/checkpoint.md	4548	Markdown	CT12 checkpoint milestone report	docs/tool-setup.md preserves tool recovery facts; historical product reports remain in Git	remove	Draft checkpoint/validation of ccaffc7 era precedes merged Classic/Font-Mac/direct-HUD layout. Concise docs/ct12/README.md now states current identity and points to independent docs/sprites contracts; numerical old receipts remain in Git.; independent review recovered unique vasm source/build recipe and Copperline AppImage/ELF/source identities plus portable-mode workaround into current setup guide
docs/ct12/screenshots/after-controls.png	3616	PNG image	CT12 after-controls review scanout	Removed CT12 README screenshot table/verification narrative	remove	Historical ccaffc7 layout predates merged Classic sprites, Font-Mac and direct HUD. No build/test image loader consumes this PNG; maintained docs/sprites contracts and tests/native raster observers cover the later layout.
docs/ct12/screenshots/after-credits.png	3354	PNG image	CT12 after-credits review scanout	Removed CT12 README screenshot table/verification narrative	remove	Historical ccaffc7 layout predates merged Classic sprites, Font-Mac and direct HUD. No build/test image loader consumes this PNG; maintained docs/sprites contracts and tests/native raster observers cover the later layout.
docs/ct12/screenshots/after-demo.png	4193	PNG image	CT12 after-demo review scanout	Removed CT12 README screenshot table/verification narrative	remove	Historical ccaffc7 layout predates merged Classic sprites, Font-Mac and direct HUD. No build/test image loader consumes this PNG; maintained docs/sprites contracts and tests/native raster observers cover the later layout.
docs/ct12/screenshots/after-double-fault.png	3798	PNG image	CT12 after-double-fault review scanout	Removed CT12 README screenshot table/verification narrative	remove	Historical ccaffc7 layout predates merged Classic sprites, Font-Mac and direct HUD. No build/test image loader consumes this PNG; maintained docs/sprites contracts and tests/native raster observers cover the later layout.
docs/ct12/screenshots/after-exchange.png	3950	PNG image	CT12 after-exchange review scanout	Removed CT12 README screenshot table/verification narrative	remove	Historical ccaffc7 layout predates merged Classic sprites, Font-Mac and direct HUD. No build/test image loader consumes this PNG; maintained docs/sprites contracts and tests/native raster observers cover the later layout.
docs/ct12/screenshots/after-fault.png	3748	PNG image	CT12 after-fault review scanout	Removed CT12 README screenshot table/verification narrative	remove	Historical ccaffc7 layout predates merged Classic sprites, Font-Mac and direct HUD. No build/test image loader consumes this PNG; maintained docs/sprites contracts and tests/native raster observers cover the later layout.
docs/ct12/screenshots/after-menu.png	2537	PNG image	CT12 after-menu review scanout	Removed CT12 README screenshot table/verification narrative	remove	Historical ccaffc7 layout predates merged Classic sprites, Font-Mac and direct HUD. No build/test image loader consumes this PNG; maintained docs/sprites contracts and tests/native raster observers cover the later layout.
docs/ct12/screenshots/after-mode-demo-fixture.png	3632	PNG image	CT12 after-mode-demo-fixture review scanout	Removed CT12 README screenshot table/verification narrative	remove	Historical ccaffc7 layout predates merged Classic sprites, Font-Mac and direct HUD. No build/test image loader consumes this PNG; maintained docs/sprites contracts and tests/native raster observers cover the later layout.
docs/ct12/screenshots/after-play.png	3705	PNG image	CT12 after-play review scanout	Removed CT12 README screenshot table/verification narrative	remove	Historical ccaffc7 layout predates merged Classic sprites, Font-Mac and direct HUD. No build/test image loader consumes this PNG; maintained docs/sprites contracts and tests/native raster observers cover the later layout.
docs/ct12/screenshots/before-controls.png	3860	PNG image	CT12 before-controls review scanout	Removed CT12 README screenshot table/verification narrative	remove	Historical ccaffc7 layout predates merged Classic sprites, Font-Mac and direct HUD. No build/test image loader consumes this PNG; maintained docs/sprites contracts and tests/native raster observers cover the later layout.
docs/ct12/screenshots/before-credits.png	3647	PNG image	CT12 before-credits review scanout	Removed CT12 README screenshot table/verification narrative	remove	Historical ccaffc7 layout predates merged Classic sprites, Font-Mac and direct HUD. No build/test image loader consumes this PNG; maintained docs/sprites contracts and tests/native raster observers cover the later layout.
docs/ct12/screenshots/before-double-fault.png	3747	PNG image	CT12 before-double-fault review scanout	Removed CT12 README screenshot table/verification narrative	remove	Historical ccaffc7 layout predates merged Classic sprites, Font-Mac and direct HUD. No build/test image loader consumes this PNG; maintained docs/sprites contracts and tests/native raster observers cover the later layout.
docs/ct12/screenshots/before-fault.png	3748	PNG image	CT12 before-fault review scanout	Removed CT12 README screenshot table/verification narrative	remove	Historical ccaffc7 layout predates merged Classic sprites, Font-Mac and direct HUD. No build/test image loader consumes this PNG; maintained docs/sprites contracts and tests/native raster observers cover the later layout.
docs/ct12/screenshots/before-menu.png	2759	PNG image	CT12 before-menu review scanout	Removed CT12 README screenshot table/verification narrative	remove	Historical ccaffc7 layout predates merged Classic sprites, Font-Mac and direct HUD. No build/test image loader consumes this PNG; maintained docs/sprites contracts and tests/native raster observers cover the later layout.
docs/ct12/screenshots/before-play.png	3677	PNG image	CT12 before-play review scanout	Removed CT12 README screenshot table/verification narrative	remove	Historical ccaffc7 layout predates merged Classic sprites, Font-Mac and direct HUD. No build/test image loader consumes this PNG; maintained docs/sprites contracts and tests/native raster observers cover the later layout.
docs/ct12/verification.md	9306	Markdown	CT12 verification milestone report	docs/tool-setup.md preserves tool recovery facts; historical product reports remain in Git	remove	Draft checkpoint/validation of ccaffc7 era precedes merged Classic/Font-Mac/direct-HUD layout. Concise docs/ct12/README.md now states current identity and points to independent docs/sprites contracts; numerical old receipts remain in Git.; independent review recovered unique vasm source/build recipe and Copperline AppImage/ELF/source identities plus portable-mode workaround into current setup guide
docs/ct13/README.md	10422	Markdown	Maintained documentation or measurement evidence	Maintainer support and linked validation/build workflow	update	Condensed implemented music/input/celebration behavior; provenance delegated to authored asset README, finite native checks remain tests README.
docs/ct13/integration-current-polish.md	12267	Markdown	Combined feature-branch integration checkpoint	docs/tool-setup.md preserves tool recovery facts; historical product reports remain in Git	remove	Names integration/current-polish at master93bb640 and pending imports/UI music/Classic/Font-Mac. Those integrations are merged. docs/ct13/README.md preserves current interface/celebration behavior; per-asset provenance remains in asset READMEs.; independent review recovered unique vasm source/build recipe and Copperline AppImage/ELF/source identities plus portable-mode workaround into current setup guide
docs/ct13/title-release-identity.md	3087	Markdown	PR29 title identity contract and focused validation	CT13 README and title-label maintenance	update	Retains release1.0/product7379b1a geometry, SHA256s, 4/4 cold boots and 239callbacks/standard; stale merge instruction corrected. No fresh acceptance claim.
docs/metrics/README.md	13161	Markdown	Maintained documentation or measurement evidence	Maintainer support and linked validation/build workflow	update	Current CLI, measurement boundaries, reuse rules and exact retained historical JSON chain; removed obsolete feature integration instructions.
docs/metrics/baselines/development-symbols.json	132755	JSON data	Historical development-symbols measurement snapshot	Historical metrics workflow/comparison links replaced with current workflow	remove	Historical symbol-stripping/cold-loading comparison group; release-loading-comparison and its sole old baseline/proof consumers removed together. Release HUNK_SYMBOL behavior and current measurement boundaries remain in metrics README.
docs/metrics/baselines/development-symbols.md	6275	Markdown	Historical development-symbols measurement snapshot	Historical metrics workflow/comparison links replaced with current workflow	remove	Historical symbol-stripping/cold-loading comparison group; release-loading-comparison and its sole old baseline/proof consumers removed together. Release HUNK_SYMBOL behavior and current measurement boundaries remain in metrics README.
docs/metrics/baselines/executable-size-pre-pr19.json	32023	JSON data	Historical executable-size-pre-pr19 measurement snapshot	Historical metrics workflow/comparison links replaced with current workflow	remove	Historical pre-PR19 integration/size snapshot; superseded integration report consumers removed together. Current static metrics regenerate at build time.
docs/metrics/baselines/executable-size-pre-pr19.md	4241	Markdown	Historical executable-size-pre-pr19 measurement snapshot	Historical metrics workflow/comparison links replaced with current workflow	remove	Historical pre-PR19 integration/size snapshot; superseded integration report consumers removed together. Current static metrics regenerate at build time.
docs/metrics/baselines/pre-direct-hud-current.json	283991	JSON data	Maintained documentation or measurement evidence	Maintainer support and linked validation/build workflow	keep	Direct-HUD comparison cites accepted pre-change metrics; preserves underlying measured baseline and hashes.
docs/metrics/baselines/pre-direct-hud-current.md	17360	Markdown	Historical pre-direct-hud-current measurement snapshot	Historical metrics workflow/comparison links replaced with current workflow	remove	Readable duplicate of preserved pre-direct-hud-current.json. Direct-HUD comparison retains measured narrative and links exact JSON baseline.
docs/metrics/baselines/pre-pr19-release.json	180164	JSON data	Historical measurement chain source	pre-title-score-current.json delta hash chain	keep	Exact previous_report path and SHA256 bound by retained fallback/current evidence; preserved bytes.
docs/metrics/baselines/pre-pr19-release.md	8150	Markdown	Historical pre-pr19-release measurement snapshot	Historical metrics workflow/comparison links replaced with current workflow	remove	Readable duplicate of retained pre-pr19-release.json; JSON remains the exact hash-chain source for pre-title-score-current.json. No script reads Markdown baseline.
docs/metrics/baselines/pre-title-score-current.json	191108	JSON data	Maintained documentation or measurement evidence	Maintainer support and linked validation/build workflow	keep	native_metrics.py fallback and current.json deltas bind this exact historical report SHA256; preserve bytes.
docs/metrics/baselines/pre-title-score-current.md	9182	Markdown	Historical pre-title-score-current measurement snapshot	Historical metrics workflow/comparison links replaced with current workflow	remove	Readable duplicate of retained pre-title-score-current.json; exact JSON remains metrics fallback/current delta dependency. No script reads Markdown baseline.
docs/metrics/baselines/pre-title-score-executable-size.json	33400	JSON data	Historical pre-title-score-executable-size measurement snapshot	Historical metrics workflow/comparison links replaced with current workflow	remove	Pre-PR21/22 static size snapshot; no script consumer. Live pre-title-score-current.json retained byte-for-byte for metrics fallback and hash chain; static snapshot is redundant historical detail.
docs/metrics/baselines/pre-title-score-executable-size.md	3648	Markdown	Historical pre-title-score-executable-size measurement snapshot	Historical metrics workflow/comparison links replaced with current workflow	remove	Pre-PR21/22 static size snapshot; no script consumer. Live pre-title-score-current.json retained byte-for-byte for metrics fallback and hash chain; static snapshot is redundant historical detail.
docs/metrics/baselines/title-proof-review.json	936	JSON data	Historical title-proof-review measurement snapshot	Historical metrics workflow/comparison links replaced with current workflow	remove	Historical symbol-stripping/cold-loading comparison group; release-loading-comparison and its sole old baseline/proof consumers removed together. Release HUNK_SYMBOL behavior and current measurement boundaries remain in metrics README.
docs/metrics/current.json	74979	JSON data	Current recorded resource report	native_metrics.py --check, deltas and README	keep	Retain exact generated report bytes and explicit incomplete runtime coverage; previous_report binds pre-title-score-current.json SHA256. No false runtime refresh.
docs/metrics/current.md	5110	Markdown	Maintained documentation or measurement evidence	Maintainer support and linked validation/build workflow	keep	Reviewed content and consumer references; supports current build, validation, provenance or measured comparison.
docs/metrics/direct-hud-comparison.json	101061	JSON data	PR25-to-PR27 measured HUD comparison	direct-hud-comparison.md and direct-hud-validation.md	keep	Retains exact product/receipt hashes, static/runtime deltas, finite probe extents and baseline deadline misses; independent historical comparison support, not current acceptance.
docs/metrics/direct-hud-comparison.md	9002	Markdown	Historical PR27 measured HUD results and validation scope	TODO.md, tests README and metrics workflow	update	Numerical evidence and receipt hashes retained; stale pending-merge/current-report claims corrected to merged historical product scope.
docs/metrics/direct-hud-validation.md	2509	Markdown	Historical PR27 measured HUD results and validation scope	TODO.md, tests README and metrics workflow	update	Numerical evidence and receipt hashes retained; stale pending-merge/current-report claims corrected to merged historical product scope.
docs/metrics/executable-size.json	33238	JSON data	Historical executable-size measurement snapshot	Historical metrics workflow/comparison links replaced with current workflow	remove	Stored executable hash21578578 is PR27 rather than PR29; native builds regenerate ignored listing-backed static attribution. Direct-HUD comparison keeps PR27 measured before/after evidence.
docs/metrics/executable-size.md	3199	Markdown	Historical executable-size measurement snapshot	Historical metrics workflow/comparison links replaced with current workflow	remove	Stored executable hash21578578 is PR27 rather than PR29; native builds regenerate ignored listing-backed static attribution. Direct-HUD comparison keeps PR27 measured before/after evidence.
docs/metrics/integration-comparison.json	4279	JSON data	Historical integration-comparison measurement snapshot	Historical metrics workflow/comparison links replaced with current workflow	remove	Historical pre-PR19 integration/size snapshot; superseded integration report consumers removed together. Current static metrics regenerate at build time.
docs/metrics/integration-comparison.md	1887	Markdown	Historical integration-comparison measurement snapshot	Historical metrics workflow/comparison links replaced with current workflow	remove	Historical pre-PR19 integration/size snapshot; superseded integration report consumers removed together. Current static metrics regenerate at build time.
docs/metrics/release-loading-comparison.json	5114	JSON data	Historical release-loading-comparison measurement snapshot	Historical metrics workflow/comparison links replaced with current workflow	remove	Historical symbol-stripping/cold-loading comparison group; release-loading-comparison and its sole old baseline/proof consumers removed together. Release HUNK_SYMBOL behavior and current measurement boundaries remain in metrics README.
docs/metrics/release-loading-comparison.md	2361	Markdown	Historical release-loading-comparison measurement snapshot	Historical metrics workflow/comparison links replaced with current workflow	remove	Historical symbol-stripping/cold-loading comparison group; release-loading-comparison and its sole old baseline/proof consumers removed together. Release HUNK_SYMBOL behavior and current measurement boundaries remain in metrics README.
docs/metrics/square-startup.json	23874	JSON data	Historical square-startup measurement snapshot	Historical metrics workflow/comparison links replaced with current workflow	remove	Older committed constructor receipt snapshot predates current product. Active run_native_square_startup.py writes fresh ignored receipts and independent frozen mask contract stays in docs/sprites; no build/test consumes snapshot.
docs/metrics/square-startup.md	840	Markdown	Historical square-startup measurement snapshot	Historical metrics workflow/comparison links replaced with current workflow	remove	Older committed constructor receipt snapshot predates current product. Active run_native_square_startup.py writes fresh ignored receipts and independent frozen mask contract stays in docs/sprites; no build/test consumes snapshot.
docs/plans/direct-score-win.md	9041	Markdown	Implemented PR27 direct-HUD plan and estimated arithmetic	Superseded TODO draft instructions	remove	Plan says implemented on draft PR27; PR27 is merged. Actual evidence remains docs/metrics/direct-hud-comparison.{json,md}; current bank/strip layout is docs/ct11/triple-buffer-publication.md. PR24 design remains active separately.
docs/repository-audit.md		Markdown	Cleanup scope, evidence and limits	Maintainers and reviewers	add	Counts, checks, native tool blockers and identity effects recorded
docs/repository-audit.tsv		TSV index	Exhaustive per-file baseline decisions	scripts/check_repository_audit.py; reviewers	add	One row for each baseline file and each added support file
docs/sprites/README.md	9675	Markdown	Current artwork layout and maintenance instructions	Maintainers and test authors	update	Replaces stale branch claims/two-bank details with present geometry, contracts and focused commands
docs/sprites/author_title_logo_b.py	4831	Python source	Reproducible title-header authoring	Manual approved title edits	keep	Generated pixels compared with all four committed 76-row header planes; exact match, no file writes
docs/sprites/author_win_columns.py	4114	Python source	Obsolete WIN authoring transition	Retired checkpoint 112285c only	remove	Requires absent score_bank_point_a_* inputs; would recreate obsolete point/game strips and open frames; current startup/three-bank implementation supersedes it
docs/sprites/classic-court-review.png	13350	PNG image	Historical static sprite/court review output	Retired sprite-branch documentation	remove	Images document earlier native artwork, not independent test fixtures or emulator receipts; current contracts and original art retained; Git history recovers prior previews
docs/sprites/classic-generated-masks.png	1117090	PNG image	Original ImageGen body-mask authoring source	Artwork provenance and future edits	keep	README records fitting to retained seams and pose bounds; source retained even though not build-consumed
docs/sprites/classic-native-poses.png	9961	PNG image	Historical static sprite/court review output	Retired sprite-branch documentation	remove	Images document earlier native artwork, not independent test fixtures or emulator receipts; current contracts and original art retained; Git history recovers prior previews
docs/sprites/court-decode-0.png	2035	PNG image	Historical static sprite/court review output	Retired sprite-branch documentation	remove	Images document earlier native artwork, not independent test fixtures or emulator receipts; current contracts and original art retained; Git history recovers prior previews
docs/sprites/court-decode-1.png	2039	PNG image	Historical static sprite/court review output	Retired sprite-branch documentation	remove	Images document earlier native artwork, not independent test fixtures or emulator receipts; current contracts and original art retained; Git history recovers prior previews
docs/sprites/court-decode-2.png	2026	PNG image	Historical static sprite/court review output	Retired sprite-branch documentation	remove	Images document earlier native artwork, not independent test fixtures or emulator receipts; current contracts and original art retained; Git history recovers prior previews
docs/sprites/native-contract.json	6085	JSON data	Independent frozen artwork expectations	tests/unit/test_classic_players.py; tests/unit/test_scoreboard_assets.py	keep	Actual test consumer inspected; original contract bytes unchanged
docs/sprites/native-win-review.png	10810	PNG image	Historical static sprite/court review output	Retired sprite-branch documentation	remove	Images document earlier native artwork, not independent test fixtures or emulator receipts; current contracts and original art retained; Git history recovers prior previews
docs/sprites/score-layout-contract.json	1080	JSON data	Independent frozen artwork expectations	tests/unit/test_classic_players.py; tests/unit/test_scoreboard_assets.py	keep	Actual test consumer inspected; original contract bytes unchanged
docs/sprites/score-layout-verification.json	4135	JSON data	Historical branch validation receipt	Retired branch progress report	remove	Names superseded product hashes/two-bank layout; current acceptance and metrics retain current evidence; independent contracts remain
docs/sprites/score-layout.md	6985	Markdown	Current artwork layout and maintenance instructions	Maintainers and test authors	update	Replaces stale branch claims/two-bank details with present geometry, contracts and focused commands
docs/sprites/square-led-contract.json	1155	JSON data	Independent frozen artwork expectations	scripts/native_square_scores.py	keep	Actual test consumer inspected; original contract bytes unchanged
docs/sprites/square-led-verification.json	2657	JSON data	Historical branch validation receipt	Retired branch progress report	remove	Names superseded product hashes/two-bank layout; current acceptance and metrics retain current evidence; independent contracts remain
docs/sprites/square-led.md	4864	Markdown	Current artwork layout and maintenance instructions	Maintainers and test authors	update	Replaces stale branch claims/two-bank details with present geometry, contracts and focused commands
docs/sprites/title-preview-handoff.md	1968	Markdown	Completed cross-worker title integration handoff	Superseded by current title-side-layout.md and title renderer	remove	Implementation already integrated; current geometry and validation instructions retained
docs/sprites/title-side-layout.md	4525	Markdown	Current artwork layout and maintenance instructions	Maintainers and test authors	update	Replaces stale branch claims/two-bank details with present geometry, contracts and focused commands; checked x108, three rows, ten-byte copy, 768-byte selection cache and 12 cases against generator, assembly and host test
docs/sprites/verification.md	5775	Markdown	Historical branch validation receipt	Retired branch progress report	remove	Names superseded product hashes/two-bank layout; current acceptance and metrics retain current evidence; independent contracts remain
docs/tool-setup.md		Markdown	Platform-specific pinned-tool recovery instructions	README.md; fresh build and emulator-test setup	add	Preserves historical source commits, build command, hashes and portable-mode workaround from deleted CT12/CT13 reports; Debian 13/GCC 14.2.0-19 exact vasm hash and portable marker location rechecked by PR30 validation worker; remaining platform limits explicit
scripts/audio_wave.py	2537	Python source	Read the small PCM/IEEE-float RIFF formats emitted by our two emulators	docs/ct11/ledger.json; docs/metrics/baselines/development-symbols.json; docs/metrics/baselines/pre-direct-hud-current.json; docs/metrics/baselines/pre-pr19-release.json; docs/metrics/baselines/pre-title-score-current.json; docs/metrics/square-startup.json; scripts/native_audio_checks.py	update	Inspected Python syntax, imports and entry points; 2 functions; Update reading text only; preserve test logic and runtime assembly
scripts/author_battle_hymn.py	3675	Python source	Reproduce the independent Battle Hymn score assets using only the stdlib	assets/native/audio/battle-hymn/README.md	keep	Inspected Python syntax, imports and entry points; 3 functions; Independent source composition generator; assets/ct13/README.md documents reproduction
scripts/build_native_adf.py	4914	Python source	Package the private maintained executable as a reproducible Kickstart1.x ADF	README.md; docs/ct11/ledger.json; docs/ct12/verification.md; docs/ct13/README.md; docs/ct13/integration-current-polish.md; docs/metrics/baselines/development-symbols.json; docs/metrics/baselines/executable-size-pre-pr19.json; docs/metrics/baselines/pre-direct-hud-current.json	keep	Inspected Python syntax, imports and entry points; 3 functions
scripts/build_native_game.py	3539	Python source	Assemble the maintained native game from explicitly prepared private assets	README.md; docs/ct11/ledger.json; docs/ct12/checkpoint.md; docs/ct13/integration-current-polish.md; docs/metrics/baselines/development-symbols.json; docs/metrics/baselines/pre-direct-hud-current.json; docs/metrics/baselines/pre-pr19-release.json; docs/metrics/baselines/pre-title-score-current.json	keep	Inspected Python syntax, imports and entry points; 3 functions
scripts/check_repository_audit.py		Python source	Repeatable coverage and disposition check	python scripts/check_repository_audit.py	add	Compares baseline Git tree, current index and file contents; no emulator required
scripts/copperline_test_session.py	4335	Python source	Small stdlib client for the pinned native Copperline control protocol	docs/ct11/ledger.json; docs/metrics/baselines/development-symbols.json; docs/metrics/baselines/pre-direct-hud-current.json; docs/metrics/baselines/pre-pr19-release.json; docs/metrics/baselines/pre-title-score-current.json; docs/metrics/square-startup.json; scripts/measure_native_hud_cost.py; scripts/ordinary_cadence.py	update	Inspected Python syntax, imports and entry points; 5 functions; Update reading text only; preserve test logic and runtime assembly
scripts/measure_native_hud_cost.py	5279	Python source	Bounded read-only HUD cost probe, same one-time native initialization on both products	tests/README.md	keep	Inspected Python syntax, imports and entry points; 2 functions; Documented optional bounded measurement, outside full gate; four startup fixtures and raw deadline report
scripts/native_acceptance.py	5594	Python source	Finite CT11 native gate; sequential commands, exact-head receipt and no originals	AGENTS.md; docs/ct11/README.md; docs/ct12/verification.md; docs/metrics/README.md; docs/metrics/direct-hud-comparison.json; docs/metrics/direct-hud-validation.md; docs/sprites/verification.md; tests/README.md	update	Inspected Python syntax, imports and entry points; 1 functions; Update reading text only; preserve test logic and runtime assembly
scripts/native_acceptance_resume.py	8664	Python source	Completed historical gate recovery runner	Retired preserved2219 exception; recover from Git history if needed	remove	Hardcodes commit 2219fd6, old product SHA256 values and 37-stage numbering; current gate has added video-standard and startup-publication stages; No live imports; obsolete recovery runner requires private retained-restart-failure-2219fd6 receipts; General native_composite metric normalization and its host regression tests remain active and retained
scripts/native_assets.py	2003	Python source	Validate explicit versioned native inputs and emit two authored include outputs	docs/ct11/ledger.json; docs/ct12/checkpoint.md; docs/ct12/verification.md; docs/ct13/README.md; docs/ct13/integration-current-polish.md; docs/metrics/baselines/development-symbols.json; docs/metrics/baselines/pre-direct-hud-current.json; docs/metrics/baselines/pre-pr19-release.json	keep	Inspected Python syntax, imports and entry points; 1 functions
scripts/native_audio_checks.py	1428	Python source	Observe emitted digital silence/signal per channel without source media	docs/metrics/baselines/development-symbols.json; docs/metrics/baselines/pre-direct-hud-current.json; docs/metrics/baselines/pre-pr19-release.json; docs/metrics/baselines/pre-title-score-current.json; docs/metrics/square-startup.json; scripts/run_celebration_tests.py; scripts/run_native_contracts.py; scripts/run_ordinary_round_tests.py	keep	Inspected Python syntax, imports and entry points; 1 functions
scripts/native_clock.py	1167	Python source	Accepted PAL native cadence; not derived from cartridge or source captures	docs/metrics/baselines/development-symbols.json; docs/metrics/baselines/pre-direct-hud-current.json; docs/metrics/baselines/pre-pr19-release.json; docs/metrics/baselines/pre-title-score-current.json; docs/metrics/square-startup.json; scripts/native_metrics_observation.py; scripts/native_setup_observation.py; scripts/ordinary_cadence.py	keep	Inspected Python syntax, imports and entry points; 1 functions
scripts/native_composite.py	7201	Python source	Verify this native gate's preserved receipts; never edit the originals	docs/metrics/baselines/pre-direct-hud-current.json; docs/metrics/square-startup.json; scripts/native_acceptance_resume.py; scripts/native_metrics.py; tests/unit/test_native_composite.py	update	Inspected Python syntax, imports and entry points; 5 functions; native_metrics.read_case calls normalized_metric_dependencies; measurement_status uses strict bound historical verifier; preserve active metrics support
scripts/native_evidence.py	17258	Python source	Native-only report transactions and conservative dependency freshness	docs/ct11/ledger.json; docs/metrics/baselines/development-symbols.json; docs/metrics/baselines/pre-direct-hud-current.json; docs/metrics/baselines/pre-pr19-release.json; docs/metrics/baselines/pre-title-score-current.json; docs/metrics/square-startup.json; scripts/build_native_adf.py; scripts/build_native_game.py	keep	Inspected Python syntax, imports and entry points; 15 functions
scripts/native_hunk.py	5810	Python source	Verify actual LoadSeg bytes against the native vasm hunk executable	docs/ct11/ledger.json; docs/metrics/baselines/development-symbols.json; docs/metrics/baselines/pre-direct-hud-current.json; docs/metrics/baselines/pre-pr19-release.json; docs/metrics/baselines/pre-title-score-current.json; docs/metrics/square-startup.json; scripts/measure_native_hud_cost.py; scripts/native_metrics.py	keep	Inspected Python syntax, imports and entry points; 5 functions
scripts/native_identity_raster.py	7066	Python source	CT12 actual scanout guards: complete mode field and logical player colours	docs/metrics/baselines/pre-direct-hud-current.json; docs/metrics/baselines/pre-title-score-current.json; docs/metrics/square-startup.json; scripts/native_ui_raster.py; scripts/run_attract_cycle_tests.py; scripts/run_demo_match_tests.py; scripts/run_enhanced_feedback_tests.py; scripts/run_enhanced_menu_tests.py	update	Inspected Python syntax, imports and entry points; 7 functions; Update reading text only; preserve test logic and runtime assembly
scripts/native_longword_observer.py	809	Python source	Collect one complete observed 68000 long store, independent of bus order	docs/metrics/baselines/pre-direct-hud-current.json; docs/metrics/baselines/pre-title-score-current.json; docs/metrics/square-startup.json; scripts/ordinary_cadence.py; tests/unit/test_native_longword_observer.py	keep	Inspected Python syntax, imports and entry points; 2 functions
scripts/native_metrics.py	33265	Python source	Small resource report from compiled hunks and existing native receipts	AGENTS.md; docs/ct11/field-measurement.md; docs/metrics/README.md; docs/metrics/baselines/development-symbols.md; docs/metrics/baselines/executable-size-pre-pr19.json; docs/metrics/baselines/executable-size-pre-pr19.md; docs/metrics/baselines/pre-direct-hud-current.json; docs/metrics/baselines/pre-direct-hud-current.md	keep	Inspected Python syntax, imports and entry points; 14 functions
scripts/native_metrics_observation.py	9432	Python source	Read-only native bus timing; no diagnostic instructions in the product	docs/metrics/baselines/development-symbols.json; docs/metrics/baselines/pre-direct-hud-current.json; docs/metrics/baselines/pre-pr19-release.json; docs/metrics/baselines/pre-title-score-current.json; docs/metrics/square-startup.json; scripts/measure_native_hud_cost.py; scripts/native_metrics.py; scripts/ordinary_cadence.py	keep	Inspected Python syntax, imports and entry points; 7 functions
scripts/native_observation.py	788	Python source	Small native listing and target validators, independent of historical runners	docs/metrics/baselines/development-symbols.json; docs/metrics/baselines/pre-direct-hud-current.json; docs/metrics/baselines/pre-pr19-release.json; docs/metrics/baselines/pre-title-score-current.json; docs/metrics/square-startup.json; scripts/measure_native_hud_cost.py; scripts/ordinary_cadence.py; scripts/record_demo_inputs.py	keep	Inspected Python syntax, imports and entry points; 2 functions
scripts/native_player_roles.py	1657	Python source	Inspect a completed native scene; never write runtime state or derive physics	docs/metrics/baselines/pre-direct-hud-current.json; docs/metrics/baselines/pre-title-score-current.json; docs/metrics/square-startup.json; scripts/run_demo_match_tests.py; scripts/run_enhanced_feedback_tests.py	keep	Inspected Python syntax, imports and entry points; 1 functions
scripts/native_release.py	2646	Python source	Release-only HUNK_SYMBOL removal; development executable/listing stay intact	docs/metrics/baselines/pre-direct-hud-current.json; docs/metrics/baselines/pre-pr19-release.json; docs/metrics/baselines/pre-title-score-current.json; docs/metrics/square-startup.json; scripts/build_native_adf.py; scripts/native_metrics.py; tests/unit/test_native_metrics.py	keep	Inspected Python syntax, imports and entry points; 3 functions
scripts/native_scoreboard_raster.py	3749	Python source	Independent authored WIN/point UI expectations for actual PAL scanout	docs/metrics/baselines/pre-direct-hud-current.json; docs/metrics/baselines/pre-title-score-current.json; docs/metrics/square-startup.json; scripts/native_status_raster.py; scripts/run_demo_match_tests.py; scripts/run_enhanced_feedback_tests.py; scripts/run_native_scoreboard_tests.py; tests/unit/test_scoreboard_assets.py	keep	Inspected Python syntax, imports and entry points; 3 functions
scripts/native_setup_observation.py	6038	Python source	Read-only explicit title-UI construction boundaries; raw deadlines remain raw	docs/metrics/baselines/development-symbols.json; docs/metrics/baselines/pre-direct-hud-current.json; docs/metrics/baselines/pre-pr19-release.json; docs/metrics/baselines/pre-title-score-current.json; docs/metrics/square-startup.json; scripts/ordinary_cadence.py; scripts/run_native_setup_tests.py; tests/unit/test_native_setup_policy.py	update	Inspected Python syntax, imports and entry points; 4 functions; Update reading text only; preserve test logic and runtime assembly
scripts/native_size.py	12850	Python source	Exact, non-overlapping emitted-byte attribution for the native executable	docs/metrics/baselines/pre-direct-hud-current.json; docs/metrics/baselines/pre-pr19-release.json; docs/metrics/baselines/pre-title-score-current.json; docs/metrics/square-startup.json; scripts/native_metrics.py; tests/unit/test_native_metrics.py	keep	Inspected Python syntax, imports and entry points; 6 functions
scripts/native_sprite_dma.py	27055	Python source	Check actual chip-bus sprite fetches against frozen native scene bytes	scripts/run_sprite_dma_tests.py	keep	Inspected Python syntax, imports and entry points; 6 functions
scripts/native_square_scores.py	3797	Python source	Frozen selected-preview pixels; never generated from the native renderer	docs/metrics/baselines/pre-direct-hud-current.json; docs/metrics/square-startup.json; scripts/native_scoreboard_raster.py; scripts/run_native_contracts.py; scripts/run_native_scoreboard_tests.py; scripts/run_native_square_startup.py; tests/unit/test_identity_assets.py; tests/unit/test_scoreboard_assets.py	keep	Inspected Python syntax, imports and entry points; 5 functions
scripts/native_state_observation.py	2153	Python source	Read-only named native state observation; no imported memory image or writes	docs/ct11/ledger.json; docs/metrics/baselines/development-symbols.json; docs/metrics/baselines/pre-direct-hud-current.json; docs/metrics/baselines/pre-pr19-release.json; docs/metrics/baselines/pre-title-score-current.json; docs/metrics/square-startup.json; scripts/ordinary_cadence.py; scripts/run_ordinary_round_tests.py	keep	Inspected Python syntax, imports and entry points; 2 functions
scripts/native_status_raster.py	1746	Python source	Independent native status-bank pixels and accepted OCS palette, no captures	docs/metrics/baselines/pre-direct-hud-current.json; docs/metrics/baselines/pre-title-score-current.json; docs/metrics/square-startup.json; scripts/native_identity_raster.py; scripts/run_native_contracts.py; tests/unit/test_scoreboard_assets.py	keep	Inspected Python syntax, imports and entry points; 2 functions
scripts/native_tools.py	1746	Python source	Native build tool paths; no original-machine generation or emulation	docs/ct11/ledger.json; docs/metrics/baselines/development-symbols.json; docs/metrics/baselines/pre-direct-hud-current.json; docs/metrics/baselines/pre-pr19-release.json; docs/metrics/baselines/pre-title-score-current.json; docs/metrics/square-startup.json; scripts/build_native_adf.py; scripts/build_native_game.py	keep	Inspected Python syntax, imports and entry points; 3 functions
scripts/native_ui_pages.py	9184	Python source	Bake authored static UI text with the committed font; no runtime/capture oracle	docs/metrics/baselines/development-symbols.json; docs/metrics/baselines/pre-direct-hud-current.json; docs/metrics/baselines/pre-pr19-release.json; docs/metrics/baselines/pre-title-score-current.json; docs/metrics/square-startup.json; scripts/build_native_game.py; tests/unit/test_title_side_layout.py	update	Inspected Python syntax, imports and entry points; 3 functions; corrected stale four-row comment to match three ui_menu_lines entries; generator logic unchanged
scripts/native_ui_raster.py	4635	Python source	Representative actual title scanout against committed font and retained layout	docs/metrics/baselines/development-symbols.json; docs/metrics/baselines/pre-direct-hud-current.json; docs/metrics/baselines/pre-pr19-release.json; docs/metrics/baselines/pre-title-score-current.json; docs/metrics/square-startup.json; scripts/run_enhanced_menu_tests.py; scripts/run_native_setup_tests.py	keep	Inspected Python syntax, imports and entry points; 4 functions
scripts/ordinary_cadence.py	35850	Python source	CT09's finite non-stopping ordinary play measurement, not a reference model	docs/ct11/ledger.json; docs/metrics/baselines/development-symbols.json; docs/metrics/baselines/pre-direct-hud-current.json; docs/metrics/baselines/pre-pr19-release.json; docs/metrics/baselines/pre-title-score-current.json; docs/metrics/square-startup.json; scripts/run_celebration_tests.py; scripts/run_ordinary_round_tests.py	update	Inspected Python syntax, imports and entry points; 13 functions; Update reading text only; preserve test logic and runtime assembly
scripts/progress.py	6844	Python source	Read-only finite native receipt view; missing/stale/partial evidence stays open	docs/ct11/README.md; docs/ct11/ledger.json; scripts/native_acceptance.py; scripts/native_acceptance_resume.py	update	Inspected Python syntax, imports and entry points; 2 functions; Update reading text only; preserve test logic and runtime assembly
scripts/record_demo_inputs.py	5337	Python source	Offline native full-match input recorder; ships no world snapshots or capture machinery	docs/ct11/ledger.json; docs/metrics/baselines/development-symbols.json; docs/metrics/baselines/pre-direct-hud-current.json; docs/metrics/baselines/pre-pr19-release.json; docs/metrics/baselines/pre-title-score-current.json; docs/metrics/square-startup.json; scripts/build_native_game.py; tests/fixtures/native-demo/manifest.json	keep	Inspected Python syntax, imports and entry points; 3 functions; Explicit authoring command writes recording input; manifest records its capture workflow. Retain provenance and future reviewed recording support; do not run to replace frozen expectations
scripts/run_attract_cycle_tests.py	14245	Python source	Two unattended native attract cycles: actual bank publications and title pixels	docs/ct13/README.md; scripts/native_acceptance.py	keep	Inspected Python syntax, imports and entry points; 5 functions
scripts/run_celebration_tests.py	16845	Python source	Finite CT13 native fixtures: initialise once, then actual dispatcher/input/scanout	docs/ct13/README.md; scripts/native_acceptance.py	update	Inspected Python syntax, imports and entry points; 6 functions; Update reading text only; preserve test logic and runtime assembly
scripts/run_demo_match_tests.py	14916	Python source	Finite seeded full-native-match replay and live takeover; no RAM writes	docs/ct11/ledger.json; docs/ct12/verification.md; docs/ct13/README.md; docs/metrics/baselines/development-symbols.json; docs/metrics/baselines/pre-direct-hud-current.json; docs/metrics/baselines/pre-pr19-release.json; docs/metrics/baselines/pre-title-score-current.json; docs/metrics/square-startup.json	update	Inspected Python syntax, imports and entry points; 8 functions; Update reading text only; preserve test logic and runtime assembly
scripts/run_enhanced_feedback_tests.py	9082	Python source	Bounded ordinary physical play: game-win identity and tally feedback across ends	docs/ct11/ledger.json; docs/ct12/verification.md; docs/ct13/README.md; scripts/native_acceptance.py	update	Inspected Python syntax, imports and entry points; 6 functions; Update reading text only; preserve test logic and runtime assembly
scripts/run_enhanced_menu_tests.py	22198	Python source	Finite ordinary physical-input acceptance of the enhanced menu and lifecycle	docs/ct11/ledger.json; docs/ct12/verification.md; docs/ct13/README.md; docs/ct13/integration-current-polish.md; docs/metrics/README.md; docs/sprites/title-side-layout.md; scripts/native_acceptance.py; tests/unit/test_native_menu_subject.py	keep	Inspected Python syntax, imports and entry points; 15 functions
scripts/run_native_contracts.py	17021	Python source	Bounded one-time native starts through the application's actual dispatcher	docs/ct12/verification.md; docs/ct13/README.md; docs/ct13/integration-current-polish.md; scripts/native_acceptance.py	keep	Inspected Python syntax, imports and entry points; 6 functions
scripts/run_native_inputs.py	4338	Python source	Retained physical raw input packets/aliases, using the actual native sampler	docs/ct12/verification.md; scripts/native_acceptance.py; tests/unit/test_native_composite.py	keep	Inspected Python syntax, imports and entry points; 6 functions
scripts/run_native_scoreboard_tests.py	14982	Python source	Finite native scoreboard starts, actual scanout and both published Copper banks	docs/sprites/square-led.md; scripts/native_acceptance.py	update	Inspected Python syntax, imports and entry points; 7 functions; Update reading text only; preserve test logic and runtime assembly
scripts/run_native_setup_tests.py	15549	Python source	Strict ordinary UI cadence and independent elapsed accounting; no setup waiver	docs/ct12/verification.md; docs/ct13/README.md; docs/ct13/integration-current-polish.md; docs/metrics/baselines/development-symbols.json; docs/metrics/baselines/pre-direct-hud-current.json; docs/metrics/baselines/pre-pr19-release.json; docs/metrics/baselines/pre-title-score-current.json; docs/metrics/square-startup.json	update	Inspected Python syntax, imports and entry points; 8 functions; Update reading text only; preserve test logic and runtime assembly
scripts/run_native_square_startup.py	6420	Python source	Measure the actual one-time LED startup and verify all generated strip bytes	docs/metrics/square-startup.json; docs/metrics/square-startup.md; docs/sprites/square-led.md; tests/README.md	keep	Inspected Python syntax, imports and entry points; 4 functions
scripts/run_native_video_clock_tests.py	5387	Python source	PAL/NTSC native CIA cadence in colour-clock units, independent of host seconds	docs/ct11/field-measurement.md; scripts/native_acceptance.py	keep	Inspected Python syntax, imports and entry points; 5 functions
scripts/run_ordinary_round_tests.py	29611	Python source	Focused CT05 ordinary physical-input proof: first game, pause, next serve	docs/ct11/ledger.json; docs/ct12/verification.md; docs/ct13/README.md; docs/metrics/baselines/development-symbols.json; docs/metrics/baselines/pre-direct-hud-current.json; docs/metrics/baselines/pre-pr19-release.json; docs/metrics/baselines/pre-title-score-current.json; docs/metrics/square-startup.json	update	Inspected Python syntax, imports and entry points; 8 functions; Update reading text only; preserve test logic and runtime assembly
scripts/run_sprite_dma_tests.py	19882	Python source	Finite actual sprite DMA/publication checks and one-time startup phase sweep	scripts/native_acceptance.py	keep	Inspected Python syntax, imports and entry points; 8 functions
scripts/run_startup_publication_tests.py	4561	Python source	Bounded exact-release ADF cold boot and physical Start publication checks	docs/ct11/field-measurement.md; scripts/native_acceptance.py; tests/unit/test_startup_publication_receipt.py	keep	Inspected Python syntax, imports and entry points; 6 functions
scripts/run_video_standard_tests.py	4023	Python source	Execute the actual startup selector with every possible OS frequency byte	docs/ct11/field-measurement.md; scripts/native_acceptance.py	keep	Inspected Python syntax, imports and entry points; 3 functions
tests/README.md	8550	Markdown	Commands, scope and limits for host and native acceptance	AGENTS.md; README.md; docs/ct11/README.md; docs/ct11/ledger.json	update	Read provenance and exact data consumer; immutable fixture checks pass; Update reading text only; preserve test logic and runtime assembly
tests/fixtures/native-demo/README.md	1338	Markdown	Frozen native trajectory provenance and execution instructions	docs/ct11/ledger.json; docs/metrics/baselines/development-symbols.json; docs/metrics/baselines/pre-direct-hud-current.json; docs/metrics/baselines/pre-pr19-release.json; docs/metrics/baselines/pre-title-score-current.json; docs/metrics/square-startup.json	update	Read provenance and exact data consumer; immutable fixture checks pass; Update reading text only; preserve test logic and runtime assembly
tests/fixtures/native-demo/manifest.json	1585	JSON data	Independent recording, trajectory and seed integrity bindings	docs/ct11/ledger.json; docs/metrics/baselines/development-symbols.json; docs/metrics/baselines/pre-direct-hud-current.json; docs/metrics/baselines/pre-pr19-release.json; docs/metrics/baselines/pre-title-score-current.json; docs/metrics/square-startup.json	keep	Read provenance and exact data consumer; immutable fixture checks pass
tests/fixtures/native-demo/trajectory.sha256	712270	SHA256 fixture	10,958 independently captured native state digests	docs/ct11/ledger.json; docs/metrics/baselines/development-symbols.json; docs/metrics/baselines/pre-direct-hud-current.json; docs/metrics/baselines/pre-pr19-release.json; docs/metrics/baselines/pre-title-score-current.json; docs/metrics/square-startup.json; docs/sprites/native-contract.json	keep	Read provenance and exact data consumer; immutable fixture checks pass
tests/unit/test_classic_players.py	5446	Python source	Native replacement contracts frozen from 93bb640, independently of renderer	unittest discovery: python -m unittest discover -s tests/unit -q	keep	Inspected Python syntax, imports and entry points; 7 functions; Host suite passes: 67 tests, including this module
tests/unit/test_control_stream.py	1931	Python source	The ordinary timing observer must preserve a pending run across live inputs	unittest discovery: python -m unittest discover -s tests/unit -q	keep	Inspected Python syntax, imports and entry points; 7 functions; Host suite passes: 67 tests, including this module
tests/unit/test_identity_assets.py	3033	Python source	Intentional CT12 pixel expectations authored from text/font, not runtime goldens	unittest discovery: python -m unittest discover -s tests/unit -q	keep	Inspected Python syntax, imports and entry points; 4 functions; Host suite passes: 67 tests, including this module
tests/unit/test_native_composite.py	6886	Python source	Host regression checks: only inactive function may differ, active restart observer must rerun, reporter construction change is rejected, failed receipt is never reused, binding product policy receipt and unknown dependencies, composite rejection cannot use legacy reporter fallback, mixed old new metrics preserve raw and compare verified identity	unittest discovery: python -m unittest discover -s tests/unit -q	keep	Inspected Python syntax, imports and entry points; 7 functions; Host suite passes: 67 tests, including this module
tests/unit/test_native_contracts.py	2591	Python source	Native input isolation, fixed contract and immutable-fixture guards	unittest discovery: python -m unittest discover -s tests/unit -q	keep	Inspected Python syntax, imports and entry points; 3 functions; Host suite passes: 67 tests, including this module
tests/unit/test_native_evidence.py	6954	Python source	Host regression checks: interface flavors cannot cross credit, unchanged reused and fresh execution, missing and legacy report, interrupted and failed latest replace pass, subject and extent cannot pass, malformed target and disagreeing match are rejected, during run change and changed executable, truncated shared directory uses actual listing source context, truncated incbin line uses compiled source and invalidates asset change	unittest discovery: python -m unittest discover -s tests/unit -q	keep	Inspected Python syntax, imports and entry points; 12 functions; Host suite passes: 67 tests, including this module
tests/unit/test_native_hunk.py	1661	Python source	Delivery observations must verify relocated bytes, not a program name	unittest discovery: python -m unittest discover -s tests/unit -q	keep	Inspected Python syntax, imports and entry points; 5 functions; Host suite passes: 67 tests, including this module
tests/unit/test_native_longword_observer.py	1429	Python source	Host regression checks: low first borrow waits for high word, high first carry and next full store, missing word cannot be combined with another instruction, repeated half is not a complete long store	unittest discovery: python -m unittest discover -s tests/unit -q	keep	Inspected Python syntax, imports and entry points; 4 functions; Host suite passes: 67 tests, including this module
tests/unit/test_native_menu_subject.py	2835	Python source	Actual boot variant must differ from its symbol-rich debug identity	unittest discovery: python -m unittest discover -s tests/unit -q	keep	Inspected Python syntax, imports and entry points; 2 functions; Host suite passes: 67 tests, including this module
tests/unit/test_native_metrics.py	19317	Python source	Corruption, missing-evidence and phase-boundary checks for native metrics	unittest discovery: python -m unittest discover -s tests/unit -q	keep	Inspected Python syntax, imports and entry points; 25 functions; Host suite passes: 67 tests, including this module
tests/unit/test_native_setup_policy.py	1673	Python source	Independent counterexamples to broad title exemptions or clock rebasing	unittest discovery: python -m unittest discover -s tests/unit -q	keep	Inspected Python syntax, imports and entry points; 3 functions; Host suite passes: 67 tests, including this module
tests/unit/test_scoreboard_assets.py	5912	Python source	Authored UI fit and independent retained court/point/Copper contracts	unittest discovery: python -m unittest discover -s tests/unit -q	keep	Inspected Python syntax, imports and entry points; 5 functions; Host suite passes: 67 tests, including this module
tests/unit/test_startup_publication_receipt.py	1216	Python source	Host regression checks: failure and interrupt supersede previous pass	unittest discovery: python -m unittest discover -s tests/unit -q	keep	Inspected Python syntax, imports and entry points; 2 functions; Host suite passes: 67 tests, including this module
tests/unit/test_title_side_layout.py	2993	Python source	Static title-cache contracts; no emulator/input/timing acceptance claim	unittest discovery: python -m unittest discover -s tests/unit -q	keep	Inspected Python syntax, imports and entry points; 1 functions; Host suite passes: 67 tests, including this module
tools.lock.json	373	JSON data	Pin build and native-test tools	scripts/native_tools.py; scripts/native_evidence.py	keep	Python/Pillow match; pinned vasm/Copperline unavailable locally
