# Instruction address, tab, generated symbol used only as a numeric operand.
# Named-symbol cases add a third column with the intended 16-bit literal.
004A	reset_entry	0000
0097	reset_entry	0000
00ED	reset_entry	0000
00F4	reset_entry	0000
031F	draw_title_then_initialize_menu	0103
042B	initialize_player_and_audio_state	0202
0437	initialize_player_and_audio_state	0202
0467	rst08_vram_write	0008
0549	rst20_keyboard_dd_read	0020
0562	rst10_vram_read	0010
05F5	rst20_keyboard_dd_read	0020
0625	rst20_keyboard_dd_read	0020
0742	reset_entry	0000
0919	request_scoreboard_mode_redraw	0604
0921	draw_title_then_initialize_menu+1	0104
0925	initialize_player_and_audio_state	0202
0A54	reset_entry	0000
11CB	enter_startup_after_vectors	0006
1542	reset_entry	0000
167C	reset_entry	0000
1763	enter_startup_after_vectors+1	0007
178D	initialize_player_and_audio_state	0202
17A9	rst08_restore_interrupts	000c
17AF	rst20_keyboard_dd_read	0020
188B	rst08_restore_interrupts	000c
1914	reset_entry	0000
008E	l0300h
02C5	l0300h
00B3	l0400h
00E7	l0400h
045B	l0402h
0443	l040ah
044F	l040ah
0305	l0503h
02F7	l0504h
0915	l0508h
08F9	l0520h
0901	l0620h
08FD	l0640h
08B4	l0701h
08D0	l0701h
08AC	l0702h
08D8	l0702h
08B0	l0704h
08C8	l0704h
08D4	l0740h
0030	l0800h
00F0	l0800h
005C	l08bfh
0341	l0a03h
01FC	l0f00h
00B0	l1800h
00E4	l1c00h
0C03	l081bh
0F31	l0823h
